Code;NomProjet;Annee;Repertoire
11 Code-test ;Nom Projet test 11;2030-2031;C:\Users\pierr\Desktop\AASOURCE
10 Code-test ;Nom Projet test 10;2029-2030;C:\Users\pierr\Desktop\AASOURCE
8 Code-test ;Nom Projet test 8;2027-2028;C:\Users\pierr\Desktop\AASOURCE
5 Code-test ;Nom Projet test 5;2024-2025;~/Desktop/Inspirations
14 Code-test ;Nom Projet test 14;2024-2025;C:\Users\pierr\Desktop\Amendes
13 Code-test ;Nom Projet test 13;2024-2025;C:\Users\pierr\Desktop\AASOURCE
4 Code-test ;sqdqsdqsd;2023-2024;D:\EXPLOITATION PHOTOS\2020-2021\2020-10-02 Prim St Léger MARSAC SUR DON (ACC7)
3 Code-test ;Nom Projet test 3;2022-2023;C:\Users\pierr\Desktop\AASOURCE
20 Code-test ;Nom Projet test 20;2021-2022;~/Desktop/Amendes
sdf;sdfhfgh;2021-2022;C:\Users\pierr\Desktop\Amendes
6 Code-test ;Nom Projet test 6;2021-2022;C:\Users\pierr\Desktop
7 Code-test ;Nom Projet test 7;2021-2022;~/Desktop/Amendes
9 Code-test ;Nom Projet test 9;2021-2022;~/Desktop/AASOURCE
2 Code-test ;Nom Projet test 2;2021-2022;C:\Users\pierr\Desktop\AASOURCE
ACC7;Ecole primaire Saint Leger-MARSAC-SUR-DON;2020-2021;/d/EXPLOITATION%20PHOTOS/2020-2021/2020-10-02%20Prim%20St%20L%C3%A9ger%20MARSAC%20SUR%20DON%20(ACC7)/SOURCE
28 Code-test ;Nom Pzz test 28;2020-2021;C:\Users\pierr\Desktop\AASOURCE
22 Code-test ;Nom Projet test 22;2020-2021;C:\Users\pierr\Desktop\AASOURCE
21 Code-test ;Nom Projet test 21;2020-2021;C:\Users\pierr\Desktop\Amendes
23 Code-test ;Nom Projet test 23;2020-2021;C:\Users\pierr\Desktop\AASOURCE
24 Code-test ;Nom Projet test 24;2020-2021;~/Desktop/AASOURCE
19 Code-test ;Nom Projet test 19;2020-2021;C:\Users\pierr\Desktop\Amendes
18 Code-test ;Nom Projet test 18;2020-2021;~/Desktop/Inspirations
17 Code-test ;Nom Projet test 17;2020-2021;C:\Users\pierr\Desktop\AASOURCE
16 Code-test ;Nom Projet test 16;2020-2021;~/Desktop/Inspirations
15 Code-test ;Nom Projet test 15;2020-2021;~/Desktop/AASOURCE
25 Code-test ;Nom Projet test 25;2020-2021;~/Desktop/AASOURCE
26 Code-test ;Nom Projet test 26;2020-2021;~/Desktop
12 Code-test ;Nom Projet test 12;2020-2021;~/Desktop/Amendes
29 Code-test ;Nom Projet test 29;2020-2021;C:\Users\pierr\Desktop\AASOURCE
30 Code-test ;Nom Projet test 30;2020-2021;C:\Users\pierr\Desktop\AASOURCE
1 Code-test ;Nom Projet test 1;2020-2021;C:\Users\pierr\Desktop\AASOURCE
27 Code-test ;Nom 7777;2020-2021;C:\Users\pierr\Desktop\AASOURCE
fffs;qsd;2020-2021;~/Desktop/Inspirations
